<?xml version="1.0" encoding="utf-8"?>
<selector xmlns:android="http://schemas.android.com/apk/res/android">
    <item>
        <shape android:shape="rectangle">
            <solid android:color="@color/colorPrimary"/>
            <corners android:radius="70dp"/>
            <stroke android:width="5dp"
                android:color="@android:color/holo_blue_dark"
                android:dashWidth="10dp"
                android:dashGap="30dp"></stroke>
        </shape>
    </item>
</selector>