<resources>
    <string name="app_name">Quiz App</string>
    <string name="question1">"ADB stands for?"</string>
    <string name="option1">Android Data Bridge</string>
    <string name="option2">Android Debug Bridge</string>
    <string name="option3">Android Design Bridge</string>
    <string name="question2">Rate your Knowledge in Android</string>
    <string name="userRating">"0/10"</string>
    <string name="question3">Which compiler works in Nougat?</string>
    <string name="aot">AOT</string>
    <string name="jit">JIT</string>
    <string name="nocompiler">No Compiler</string>
    <string name="submit">Submit</string>
</resources>
